Hardness,Solids
203.030141349452,17167.301297022455
193.84093110096603,34157.18447357784
205.6677184747493,18321.32750151096
183.48883884863795,12675.938962030115
182.8851372288629,17851.064020849422
226.28478781681216,12710.249451611751
194.1666252984787,11275.872655429052
182.6898249623875,33744.16680696547
162.5126840585969,24642.812333336464
169.33384297410385,19168.52677313427
210.42587454794045,22802.03992956427
173.35715056714022,13454.634777245552
155.61611241226024,24042.18816001168
166.67694993783547,28263.80372029677
196.0346230520393,24000.523143797243
171.16664639773518,20412.283907780704
186.6526477450141,12355.344107252762
154.71172445985175,21839.69595639051
171.3155430385799,24709.72885813722
201.43324955065725,20526.049705420886
191.7670470482911,17739.198960066573
212.9784673953189,23564.57966347158
197.66630098297253,17403.53216686133
140.61286572717435,17941.811255910274
191.90872954929208,28149.41179162288
207.36142944113465,22523.43356996634
188.92067056633817,27368.014339003028
179.75670785471027,25703.15520088736
209.60961797001823,16879.524769770767
291.4618973983503,52318.91729758968
151.3609669139479,20155.43446937197
148.15306144508662,15193.41347396722
186.98686935800453,16700.034872558706
215.97785868806776,17107.224225827616
191.66379724083825,24855.907780812267
184.39315608915092,40847.76014638122
116.72512210866824,45041.14913877317
203.276419833322,28698.72996489867
192.26494470628745,18340.04680554661
186.3533610472728,21440.73884828446
214.193077795847,21671.278302245984
180.8542106109496,10859.55375155814
202.8174830014264,9973.934059208535
199.18125107339057,21470.27830541328
173.81671013134212,26552.97440098385
211.16927685734663,28990.297847067068
196.6498225540422,44184.23045950258
172.0554706876328,14877.289737184625
173.33438935151418,20111.82125592225
207.46516043581173,23558.5547458282
226.31858035622707,18465.26504171556
154.13757916696062,31144.703124202864
165.6875477419726,11319.10623209237
207.7865734120744,10513.2967812211
163.34435237618916,19646.23341923321
165.64150236855082,18073.96858893089
190.89021933202565,16409.936560013983
195.837105153128,11351.86185617761
192.2021681102196,34160.92514352129
188.7993020585764,24266.517892957425
271.8822190208284,43680.22252088611
163.38540452824023,28141.21649721661
202.09393984374807,20447.49013156478
200.0729284041309,32000.8439113861
186.0979152810744,33897.06820165686
213.6474186310885,25433.232095308107
178.15485548223057,34383.59763883363
156.22176808976658,12772.095750375796
175.89063968887987,11582.505248963034
185.8361581971575,17258.114034877264
208.74023200475307,35289.2371102066
195.32968870541464,23051.44185713561
136.9904663122233,19105.01490287327
138.44011074446098,14893.206395811962
189.05875636653377,27312.16838469925
197.46909003913416,10529.310298989858
141.1289215214313,25648.569496257434
186.0561785752214,30565.57839108449
188.2771877629948,19902.823823816583
153.03289162839167,15924.799687288863
179.45419201070274,18682.27713864192
133.21694156018071,16922.853898585203
166.6373052223238,21319.79439676636
237.08394825431665,35434.28006200042
200.7103304002074,26744.2315262742
212.81602950205456,16679.67362202795
228.19447547612532,13901.644681098873
186.6377118589591,13688.074338907056
241.1359754394564,18328.40262015074
154.3725427775486,15525.393963108943
203.1694080740336,11174.274760041037
237.5826727898112,21871.7851725781
229.26386100755585,22475.046873480987
202.80908099349176,23502.857795232936
194.50014381121505,16173.727092975756
201.65085424059345,25887.631722186707
228.25199483106684,18593.22263601365
200.71168111573743,21021.41825917061
186.67297297271327,15797.030395803244
184.4291595399576,10835.201157145417
228.69135473127253,16764.85476462537
204.783734682937,20408.485598281
215.91272332236247,14153.64337792511
195.1579764546396,15405.49648051099
179.45279245637445,25668.19895446196
229.4077835993432,23114.03183317369
198.16880422609847,35273.97622922741
204.81271080146217,20555.5595722516
194.216275243167,13319.495705340682
204.8605046007494,24590.125934402447
179.21821727387433,27558.5425325701
205.50945715452,20406.92767150048
229.4431090571344,26098.637956382463
232.8827254443243,17818.39448925992
223.3281852440092,27463.65479470091
216.11631856933127,20067.572788819743
263.63272179697015,13345.369098444477
149.93865467860903,20497.82222494166
213.6911685428284,17598.200350135314
220.45107827315525,10571.770376968932
144.9029317530772,36185.67853808146
178.50029699591676,13095.149160657458
203.408815488612,22374.82490970597
228.9215871862097,28487.7085978243
240.28791166558463,29534.690291753457
191.8802166030653,29322.74069720301
164.37843332923484,15908.561870396212
244.1200977671224,30566.767504053954
237.4971525415004,23517.68101141075
167.82331532132426,30897.990039257784
188.9199828896792,32033.332018857272
227.8427195642653,18767.941634604955
177.17325799319417,34596.001871740686
188.9978500866441,15456.220085905528
219.6587223115468,30809.705704277247
204.342927508927,21443.264748755573
260.45804113718805,39233.09883885389
183.21990415570303,20311.40246629032
178.32655536456488,25993.711405769885
197.61749383374325,21043.62692911009
207.7254551598048,22244.218235890683
235.41745667390205,13927.002506501727
170.4275722621829,36267.26665797832
205.1681610439848,13584.900245458712
112.82025397576253,8580.245561280903
234.89370257412287,28174.620516250765
213.4282694402866,11246.426645933883
169.4689272555765,29846.719056712125
232.943238340234,8729.096217461693
178.77771608491037,10490.838986806202
195.80902842150493,23728.29401456205
176.7799465044224,24793.455675112724
195.8033305348776,18091.20261463097
214.517610399437,10389.542537940964
207.4224363390239,9844.70229260938
167.98503971803825,40588.43383077968
218.82481261295572,8136.071590569004
189.29578865279512,35086.39696295499
190.5515720765916,12767.656228824468
217.94497910755365,37820.047327483495
229.1749865194968,15613.160532842276
203.3615225845705,13672.091763901635
185.9093028232159,34558.40266734972
202.5694674250801,22256.950364593784
204.20207196666613,22390.79556563065
193.63336684342391,26736.08556736884
225.49279278281443,14812.970644801802
183.4026481831804,31295.902409509665
205.3766238408668,19905.436547735968
163.40981923744118,32865.50952537349
125.4748835138738,11215.945901592888
236.03478264925752,1198.9436990081783
204.0414512166342,8524.874645571706
211.3068119064913,9592.151333127596
183.867245042979,20526.30683510295
211.0293038198348,14034.485798658789
136.3237517489284,48621.56395153603
183.57378304518835,20411.664380714097
178.9562057574612,25008.53224756482
198.9114490766973,13742.139486618224
224.8634819797548,6879.764653372923
191.8670896367085,29313.78335293502
220.67053960676589,23873.378210133666
231.79318250363508,29169.720783490982
226.4702151138879,30739.6890854019
151.69135775517935,15092.017644538098
186.68645891773843,22440.40104062623
193.16250085071707,16006.97258771503
163.59333933683183,44586.81265100216
258.4472651656338,25498.329539880902
242.091338295218,7764.438021536858
168.95259050909513,20518.55543265198
145.79731742174187,17981.25477626456
188.80412573040883,34798.25258680311
138.43189417291504,11842.757806247517
196.4320066745759,18128.90829119972
139.11870265383985,16819.42317944786
136.29503661188215,23031.215807156
213.0002175330737,21687.473454293264
197.2872065620444,38494.72024569318
210.979746804659,21174.40848046621
249.589358731504,4425.426440298955
186.07476549927424,13781.780283955726
263.7645926846328,23220.120613390383
182.14526646251625,17909.115625700586
180.0603770730961,12135.72493031231
163.35596081730125,22013.96490500964
283.89586375660326,15177.21819016283
249.52711113284624,12682.150940770613
183.93347620579485,13401.044394115284
230.8200077128855,35056.2322337289
196.55206780599016,19096.82236947592
200.16222287284296,29381.93640510804
219.6226589410745,12760.437150795751
183.7894910275452,11619.709696795016
189.4479647438605,32358.538595071623
278.2317535555544,14179.622740757455
231.3227966792554,29778.35787695432
207.83222909914724,22097.41322267961
179.63640928450374,18666.56363770437
224.76350924551497,16514.60809225703
238.51244061504585,26132.21181192403
190.3151268401933,21280.246558722727
215.42910237005705,31359.38645566344
180.4062106095163,13826.257913969886
162.00870309518598,22171.31889817714
195.7003801179316,21495.537557678614
188.912864809962,14052.446111514224
228.53954269712443,29690.917157925207
150.7183613850659,11388.534186913772
160.9683582363086,25299.51155745438
156.70499334039215,18730.81365334272
142.14781059875196,24383.741538214686
225.78410088181147,23920.25477822358
162.45678429062133,22829.12321193056
175.7549712209079,23173.31952968372
190.427599631607,16461.50232380661
234.8354770083696,20933.512749666126
207.82811639312348,11889.250632315909
263.8576754130175,16670.99601323444
182.41962093934336,34261.98588949726
193.808121052722,31795.62560626323
199.1075048312045,20425.76649043284
123.33664392409086,33843.619447035155
107.3833271231581,27622.7462675418
184.6668909048781,14368.128161016646
153.03510777751137,28504.997507756485
263.03670448344104,31085.08343340377
188.16075105389115,11120.701045500731
171.1038863509001,19605.02957473852
195.5395359053909,28327.16733816442
131.71189612520993,24387.96807137455
194.88086103221565,18270.10506128632
231.30512674597168,15629.762334635085
188.882918964652,20081.74536239565
169.3972376732479,29072.03812086268
236.3569746190456,24873.622781133807
218.84325608559016,21573.74757111393
186.46308214058988,15007.272681730628
162.6994498936365,24312.03779826068
197.5945420985787,23602.18783183379
226.00384439783844,19486.881839128484
202.1744630373688,17032.773734140566
197.76697434286515,33820.64575966661
211.8000845183685,15938.28643912909
176.3352098744666,16663.60250704232
267.05964744893066,26865.37374090525
213.70229899617283,33431.671122053405
220.3853144445588,15772.65316965401
192.447171018824,18257.569271194705
217.69864379800245,12285.891482607538
195.10229858610904,17404.17706105066
225.6574044119953,30914.111579007564
166.83770854028538,24405.25053495276
204.7304825406997,19944.57311160331
190.04666091836293,18327.43842889818
210.40796654138103,30471.92909753608
200.8398943783465,20743.348404224074
215.26808956209203,15976.926225079347
202.58254227278624,23158.38909647046
226.42758590741732,8238.29003830498
266.7449592274032,9929.194809860886
178.43291954529747,27179.404819722284
113.17596460727071,9943.92978526269
206.74646923922108,13180.677800723712
212.1620434952128,19417.76720851864
150.4512796011593,27547.807056356603
174.78184915433349,11306.261505354383
171.83977666295198,19113.011912328988
224.1749355765228,22523.124552114183
194.9679452396205,44260.19117940517
152.81884608210035,17857.716894287623
176.03144985330422,26369.026569982736
181.0723072514765,16905.80152440072
189.9879470494756,15249.620244390508
194.4041704563224,19336.6080733558
188.41500063590348,17734.949625157653
218.2371864747571,22824.699465157257
246.0308561432521,33347.97109835898
166.8455743237098,18622.444795556585
169.21747977107242,25151.41157350047
166.29291954859636,30284.494869139427
181.38971584951216,18908.62825773128
234.7823015508065,31409.063978837024
202.0798644763472,12519.090659913514
210.7954061081746,27662.3971005681
155.93744138376636,23335.674206132684
192.04136914735773,14704.906246105586
216.25708651504152,42310.82749816953
210.11881256065905,12810.42316025056
155.05572682593436,20557.240431752216
184.30922197365496,24967.32299778184
139.77087229812946,20472.874587935155
248.37601559864987,17416.80177954899
230.60375750846123,11983.869376336364
188.0618054339692,33809.22470073784
240.0779269663718,10823.300365108884
212.81856287357425,24414.97348497344
183.46130951496127,14733.458757085757
208.6891531359056,23985.864422293933
213.9599878501702,16388.405264965637
242.4804726770679,9381.239930798449
210.6540406601748,13189.519382976216
211.45441737454087,35018.32560002627
233.97780970903892,31617.07541496605
196.9823785600006,29772.019247449647
172.58451220996517,34816.44453767991
188.44546948007348,28791.614416229462
168.4453578758036,22826.484697453987
242.8275882390936,29298.07426157908
211.7658864715774,4440.277357352502
223.29621639654195,28292.7803184322
163.1672501252409,36525.55088358131
218.4055447194577,11370.649169374314
208.931457645234,16429.907902459956
182.88858859190924,32037.60547052181
186.67049593504552,19642.394421052297
143.5054130210777,22234.69673752062
166.91399143546516,24037.51049003736
153.5062323362838,9559.54739235584
229.9786941456632,12603.400371363736
196.1825584839221,25366.797904809864
177.7122169122115,30575.94690238904
244.94321992785973,23898.97447677574
121.575139230317,16978.926829044573
174.87162930711008,16314.23337543478
159.69025100871997,19576.530381129185
177.57814191742156,12626.197921957626
238.93607434384944,18136.26158474806
192.057661022839,25795.6936351192
185.71898879367,13237.989604570806
119.09383996546896,33892.24595068642
150.49521432008484,27795.73204094097
254.5344570469867,28492.170509136435
141.4924095070385,9615.832709692548
198.8069396513827,34006.42073313584
228.9604179005877,10836.969782381557
169.9748489570146,23403.63730437139
156.26564902601365,24897.557030423013
194.81561840868488,9496.91035373795
156.95186455316434,21923.87408517723
164.70803490168726,17645.06533969323
207.82136307848964,16689.79960375622
165.71424178064825,17182.45035907184
219.5943849063765,10337.541702863726
178.3317527085839,16980.25848095072
187.82961692025904,27577.213623277807
159.96261228698884,39125.20919646321
181.31241822476616,15135.127235774591
227.0070857735085,7323.302300551966
165.73795349571807,22900.118250642405
166.4597794561198,15824.822709011038
167.0173833883084,24930.19881121592
167.32846550915767,31935.69070511304
165.4670247187328,30021.25707852206
166.63518046655352,24855.83004230354
202.5147113672722,24678.329289092
98.3679148956603,28415.57583214058
230.1795733831761,17076.663788674756
205.8473007177256,15661.940335043397
194.63512208040103,15719.493609488409
216.76215866041707,27948.58944543105
200.31523572876205,19947.43447450728
157.85264488349333,20384.77309637123
182.1618803258952,30646.815275421894
217.6870931635101,16392.135068872325
229.6084992628306,13197.56681452117
203.53783248501048,23603.06541683117
179.80599239273965,23793.03135773165
192.04842038980323,19240.05820156024
214.85011121444813,29426.473780195
199.2853742998247,17435.340205976172
159.18805013792684,12837.506062969442
178.6780936921637,17420.08714873037
207.2545053634248,23642.992596628425
180.19422077129448,13579.55457958598
210.0392942912845,14310.62330102154
162.2133452444081,22337.44839296724
141.93078127421825,13614.750925469429
241.60242960289395,31871.291238837573
228.1326731898399,8296.550611117107
250.22529650833337,22431.026986889174
209.9532784337072,18668.36382633084
169.94391362220776,7028.839617265691
203.2002856113061,15825.18257101378
205.6210216799231,19635.58825474065
179.79991660751622,17037.725367080428
186.46746988851189,23124.577975713863
188.0462961167452,20877.53484090427
179.2349792452903,19862.811257398145
227.65435059995576,17995.405219186912
204.25989937053492,39997.78369749367
323.124,38969.38899204324
194.30280093517115,28915.643223524883
177.82912709058905,16515.670391024454
183.161852838536,20335.676509585464
216.1226733585991,14825.934501735352
226.40374126734,19968.67783514229
214.17232983223613,8985.911807108885
237.51925049670768,18419.132883475
181.3746513093469,14579.82207262586
226.87409855898463,20279.701038209343
201.1268956256237,22888.788064695444
196.77505624996635,29213.62038620881
204.04888998474,37174.00541355088
151.0859374109009,26373.495428417216
158.20764744104997,45243.0289529302
182.43245720972183,10673.582673737048
185.5404778027724,36026.40155635119
221.7924808803483,14829.745970673646
164.2545648416487,13776.621791774089
198.99447428347503,9025.07935959796
230.717693330778,44868.45836802399
193.20099135531484,19451.767602835265
148.18601327640698,22916.57224177373
190.16286912484733,18752.576402797044
190.28705014936028,24323.865903045946
165.79428627237527,17782.604408324907
114.8075783848566,23514.63664741336
206.10775844471195,20562.513390890872
197.30001438829112,22527.681207020963
205.94024616147485,22685.684440355984
209.8660948423143,20116.91110305269
219.17829659993492,16559.87726220438
139.90686639322854,18975.64349499861
155.31756160445605,22911.614485971444
216.65535589859263,18337.46091630916
221.1914756490023,29091.20710074859
215.8228725720336,9028.760344852111
241.06692886610244,22656.714624811066
212.7316900178758,37030.70811993558
193.90890608507843,21289.17959340924
213.87687254040787,16786.925405599108
171.28878489718358,25918.5679532628
185.1837391644874,29985.249880596693
205.72188032563105,23778.75871858044
211.6813271791461,21400.016496453653
238.30104775006848,24827.51664087316
183.4648531176378,19998.85901868015
195.0188877884117,17279.51374941266
187.439812193716,7850.641892342055
190.9573550382376,28760.00684408382
206.03629460945027,8667.720239089313
205.5415171695257,19397.323888893363
178.21731117902698,39995.18627184782
183.6974795949852,9812.122463467304
193.9365149070984,27768.382870133544
180.8266674369293,9772.504814179669
191.3824099844461,20506.698417601805
186.8730136696725,26004.528876604727
173.6402158219489,8777.686783625666
213.04119146394785,12036.643043583255
180.89303572718228,17705.608615915477
156.32846478012033,18432.47651803924
193.75327979898748,27408.4993324818
168.0407510677611,50279.262429338494
169.1198051240283,27055.69626088422
214.5293282929113,21035.10685521584
165.81532563767107,6068.454884948079
173.7393301287329,28311.29184221085
214.18661094783613,23823.492887703946
176.61282880446723,21857.83888934133
177.48653326030015,34510.75299526274
178.92285762430564,18476.619165976248
186.64835853783148,18678.950810888608
174.73842274732667,28697.004827070024
248.0414532652988,14609.976883468133
229.7409620422989,22709.38605774536
197.1426366030082,21682.754770791347
169.67353060135926,25541.152765221417
224.1520045488461,20012.172975903424
198.02109507676929,22207.482865469778
198.88440946619727,27867.486756939925
228.76294520326007,19126.29853724468
200.19140044205727,21536.22468744541
252.0109026099683,32775.63258497812
172.73143278552703,28894.476969921525
160.3259716092888,37795.763317883866
201.93864337485672,20555.965488803144
232.20642839782244,23936.275332312147
248.56774041003143,19793.97186728503
187.04328340357503,24634.55244287133
154.47409165832607,21103.30318824115
217.82653090645024,17162.753926666857
225.08855450869413,31749.9243962038
213.656177672167,30168.606596499063
215.6737860705196,56488.67241273919
232.4146726932161,16548.356729561143
184.7860379024852,18113.0173023734
212.90913181434803,14101.869291982675
152.0941694104668,24790.724599455207
206.665788118744,17643.40714703863
203.452715436736,27244.63446956515
176.38665123199058,26003.16326545588
198.48865056001767,45148.80811766023
191.2852175643144,21948.325362337488
197.3312909110432,26678.392878738523
199.6093635972818,11278.829678470607
227.9846645709775,8672.527773400137
217.32479950557504,29644.81360596982
192.5079836142217,21715.774408674897
175.42103940460692,35701.155320153026
212.42695183704657,14168.924869029612
174.1205842541131,21366.283597986225
271.6308237919948,26955.33018270648
185.4109329251336,16360.566298166472
141.4883911635551,23989.990150726
197.0499653137216,10762.938632419344
186.5952547717052,29496.9101574473
219.14337264435625,16078.459386211953
191.3894224915491,14702.05906858412
199.3830906389212,5576.628297064725
213.16047846432213,18295.37092139286
230.2994554356198,16892.895661907474
207.57940234957223,26855.105610647905
211.6638523608975,12723.34210107979
221.34320946197764,25480.91841000956
206.20420161719,15926.426007885704
242.4134292480212,9783.368727453491
216.6755430239586,19323.677250204684
270.0227058523104,15791.675351127244
182.90972778877608,30307.217674994205
110.86578832349096,32981.25837721575
241.17571812846623,13539.81166432922
202.0447752679476,13969.26156241775
215.44520444495868,28979.76760108172
236.2824895540228,26843.470364384983
270.46617064471656,8572.421508507414
200.0041212242939,8644.831046838452
244.84671672623384,13858.703935543015
209.3620748431515,13821.556160396818
181.56666281388723,8273.59197053936
249.67099941958304,20834.294278345147
205.95225013932736,29743.82259523452
260.8450392750325,11803.73549991596
210.3847903786547,16897.307040908778
143.76749774277198,31320.24558783106
178.80538032255842,39484.63892065139
172.19813608401975,10930.055670692473
282.73901696086256,15244.846394587465
229.12888948253908,15058.138752539566
268.6792987326894,13064.450591186154
241.0002765118872,9609.740604778375
121.06735745563192,40709.781662842805
181.6891637214258,27776.180257279146
129.86397280975163,11684.11163739329
162.89008310548718,31883.01030653362
188.74356245264704,19037.46263750908
196.7912512137721,19378.35906721423
164.07037156082885,26594.352076277777
145.48323895278594,15105.373098295278
238.51022998356785,10315.353973322302
220.9851580503777,26492.71618087877
133.8342291043793,23827.275015402887
210.92949494906927,29228.334683492816
212.44997404631425,5699.504942202689
189.4388127117384,19663.791311949764
209.83933337513497,8712.00258845446
191.66518320342715,18964.09225556579
193.60913765381545,14610.41283216292
159.39939804233876,61227.19600771213
262.80847774427167,17150.10054999001
268.720881226567,17862.3690025893
183.34943078375213,14841.24199556939
199.21397067654732,40368.42062703652
220.56199596960943,18628.696825146977
220.1478891065728,23580.657290482413
196.95287516726088,22053.01026214273
199.6137207525292,19073.25959456154
139.36225285473324,11006.048507195754
155.15752028729122,31161.36838769933
240.71218211203256,7998.67451117685
139.0499167222506,16575.821260333363
228.6760356652676,33013.47977434919
177.31960335088084,28398.554196372443
151.45483069268104,26502.59577382064
181.6881220667947,30733.50383761234
191.0041071514581,16654.509370021242
279.3571667700924,19460.398131232112
223.6913502466324,21610.58129692349
148.6140018153515,35021.77409654997
228.8028036402028,45939.6891579836
147.71108612452176,37308.99415948845
198.20408242750665,28232.018406459585
161.00230529791418,21111.664104120857
207.3910966678952,25110.037626373865
258.01994705795937,18535.046451649418
286.5679908209781,7105.800708757526
163.2762251750455,21820.29587508433
240.85176993682336,19500.34998335924
215.7217685786681,21165.59064873942
256.2340072070164,16795.820484218326
194.80609142080573,32981.23945648847
153.56973840612508,41210.66698053774
201.33144005132263,19410.233762899243
222.2687210999229,18406.594175572456
233.175331581918,32105.2871154118
226.41960935560687,16982.1319743572
223.33295857436312,17862.14273245675
159.16892594184372,21217.158595568453
199.07921689768293,22505.51859692937
221.1473077918809,16656.062671606713
200.7170513198393,11699.133549843924
108.69907681469638,34298.15294149107
178.71663294161257,33786.716309201074
156.11082919985324,16255.901371056703
225.71235865629632,15677.970686429557
212.0289444657202,20230.125576951767
192.92444756734045,39234.470183564605
193.15807637478707,17546.40325559531
208.4066729518673,15990.149227610937
197.78558785095404,23104.52038691503
194.04977998317847,20339.01686990398
195.66580036512028,17444.671404003187
195.4177209489812,13116.707711787025
214.7158898636123,32742.187332658625
221.7598178746625,12538.97402632583
179.20698312178774,20162.01861786685
228.3008603612537,16600.392746647067
197.7790469256761,20129.35879208572
261.38956520810007,15149.489870972233
220.9574326084588,28338.98146056608
215.1367210669539,15778.729395634698
203.32992815183525,19216.683090171675
308.2538329449222,44063.09841662765
199.6529995778644,16312.154973975048
163.44764864393738,16906.33129806369
197.2152104214156,19572.14707975613
173.32502242479376,19947.924178410107
162.62628692579722,21318.96168510506
221.6754626299006,10117.084438084974
227.5539717205093,24463.13741785929
236.83178068661203,13158.848362486711
155.76286653992543,30579.371066591422
141.30030500237513,16017.6118961435
217.37277968545845,25175.75415819416
164.49617210200154,21543.726601097253
209.7355587588769,32602.340084234176
159.18213878155956,13403.086388826136
219.34293247232,22455.695011751144
280.08965491445105,35344.658047005905
184.78184191345,17527.716725719834
184.2484959866596,14464.11554728778
177.23364339729702,15736.580985502496
208.43859260220216,17248.61874200274
216.6470681839032,13098.858289980222
187.2027122103608,26376.062287461536
185.98265157126224,5157.053599876038
200.1637946160672,32595.1202435222
241.57386212826185,13312.446107003378
177.20201029701627,17766.252888023937
193.07716833624272,15704.482092929533
122.54103985982503,8855.114121331366
242.1641459335721,17975.55322701793
205.1907066871564,25058.160217144068
167.10219152011487,13933.085360107943
215.4916060103741,18489.65250509375
195.74476483084467,9049.682594601836
244.9286656123048,18976.23307613725
204.7834281119136,5619.135557865849
225.1068358440284,16403.952381052644
177.17439355102374,8451.319110908964
149.83890028554487,20283.783628580728
160.30668501234484,17095.270070382572
216.7852908400248,19991.23914904896
135.93846747362704,27919.77066575312
170.57129777067271,17475.467753769837
254.42506637463424,12490.55827605843
169.02837864959153,22912.18957899364
176.7721861181688,19486.191112150933
185.81028084371616,30927.39428208924
157.24045839888794,10488.770936593655
220.09827877045177,17169.584382234276
202.94497913771383,20920.25156102137
185.4039760393176,14343.423206831076
181.63014959101,22665.138527587256
196.0075183918524,13939.294022009968
210.2612466347067,18185.050473402072
240.8134745868378,24167.84288181644
174.79612335081623,22198.92942013177
199.5705251359809,25305.10293017566
184.912917120698,16147.001950433065
216.78288125009544,35055.61648989219
155.35755713289635,15737.46893784722
179.1494467023561,21051.365376288843
198.8430942320297,18939.93665488096
216.0428111329883,15949.153179175562
203.38346319871127,24470.20425633589
147.17980377255313,13615.109758022078
225.28770395196483,22511.692615177697
94.81254521783356,37188.826021934
231.25221583823128,17444.814449921712
212.70533217236488,25626.4810500146
200.7656790297213,14901.80814391939
212.30661828668616,21815.07414790552
262.59832943880866,24417.86132450149
175.00827573199038,15340.951839023182
176.85712202822214,26755.718839104346
182.38955917364427,16828.88059669601
179.14683615806922,17763.310992827992
212.5550662759955,27859.74830636326
208.76024762661592,30759.681440190925
184.7845747163865,22274.368371630822
111.2464115966342,14904.940386800152
157.71936436169278,15106.308646718096
275.88651276365454,21229.08331349364
125.70532900057428,35381.67075872485
229.2426598319009,21733.82804358164
200.9434839528824,12642.065947280007
185.8189891329863,14682.665838222663
135.52306243902953,4857.253806702753
220.9699797403256,22418.90818885896
206.91974260852413,14598.025787498464
185.5676184157631,30586.592663308227
209.1030499711668,11848.22826962888
225.9721355715681,32617.124603587585
181.66539789833823,17465.09588584397
199.01667409214969,11571.421537186176
163.2748282557015,20868.331218998803
199.53166641444443,32916.331477835454
169.7271157728339,19472.624328496444
197.5170933843609,19557.99372436916
160.9626028404417,32528.115614331
226.10590083272209,18140.59427092464
208.1329996872772,16446.32805026565
199.8458747722934,12635.367703570148
211.45401031110435,39352.77583836346
190.9928729784764,26895.25795550062
201.9552080399875,9472.614920464734
229.54041255131105,24560.70060600152
215.750220701636,36776.13749886943
164.61818523150117,17538.54117200986
159.7663994260648,21895.285700634133
171.6950224337254,38971.05101037508
233.85621914582333,8201.362113225236
151.68579710944456,12356.90562217442
163.49689493335308,19231.033290458727
198.54464116651727,26240.49298150088
111.47858175418116,15413.896147652376
205.206058601135,8508.153729977339
133.64992468613207,31062.37191484566
155.05089305064115,24909.44400956197
199.0833926307596,15900.79714505642
214.40436270637,29818.095042113386
181.45351497805143,13028.68845838264
160.09824748433667,32129.99630738752
218.2797000559973,18158.842119050863
271.60121237018745,14348.572923584908
228.30318564923488,7705.298604759636
191.2586554129844,14064.899154832416
196.9032467083208,21167.50009896877
195.4431596237088,19331.1940423265
212.58136638921465,34406.77644574729
184.7506979126292,28499.10732797347
189.8029138663292,32910.52518225479
200.561212598199,33306.01253765967
196.7349272287244,30235.170803134424
211.81655121440585,32071.17936938363
253.14965119784927,12037.7703855776
234.63595110392544,22057.37916492156
230.93869346540907,15517.39112222867
186.60162110778467,20590.71211413799
215.578464198638,25338.61934219312
241.4435345856695,8810.895810076594
232.0983390036539,16378.151575664648
235.7351929386128,36043.70663776605
173.84022604396108,25456.274976652392
191.85848413660383,26189.64706351588
205.33854557594853,25142.73373834488
243.7247068929595,12278.985279606484
201.7154524876896,11348.675997363987
143.09428542421367,46113.957485317245
178.49363187309189,31991.958746649994
187.78302010878767,15300.838671098294
251.80666547361471,17156.336705105805
241.28632308244363,56320.586979158514
219.7060481397352,22387.315752754752
219.71610877461148,19345.79133187442
196.6037461418109,37215.22683519184
137.00735518463185,24282.154769061584
287.370208188522,41325.44354767345
198.5463634904045,8108.297321624606
232.0751765558761,27159.38434523353
191.3013594287225,17540.576642695825
181.5253897893362,15805.650152983282
210.502749534901,17506.60880253229
197.57073625851984,17439.444060922862
150.1749233951362,27331.36196192776
232.94900187336617,3773.2811465808113
182.58222779929253,19575.475362719964
155.7096794097609,30610.047900416503
152.9540623182781,19835.98077012696
229.7762645225177,28630.954415716587
179.64522454627132,28827.36018562907
235.94511024999585,18982.95376301964
187.9464087734036,19155.727560817704
182.1005728009528,17423.407988916704
126.74810032577288,16829.393039119645
190.8974211219,9076.646483433453
194.8589998924054,35558.73164724479
210.73412392000083,15896.365936521304
240.9751558941715,15765.786717700988
213.3635445923109,26124.93141464389
189.82341767748656,20278.33827161957
162.3005936456737,14126.590529994382
246.2397631693293,6974.225134833998
167.38535324121165,17617.87630929659
229.48976714904325,21995.06806755686
175.3260618694199,12044.624691463148
233.99317189415805,27197.3024410022
202.8869901455422,24518.57429735909
204.76839051852625,15658.08627988846
139.12908302130592,6698.239095162861
137.31816582716152,16723.97724364579
200.94373043741763,17397.40285771146
142.14556556787966,45141.68603638362
203.2011966288236,12352.811105129527
118.98857909025187,14285.583854224516
197.68583849810216,12150.721922563564
157.1815454954205,23318.18797602001
225.35049844116384,23109.854231093865
208.90564522641387,14673.670669338468
212.3176659930253,24145.385761707465
204.12364839335785,22989.79638994664
154.570002031332,17628.04305899483
187.0517096660741,46140.12684950231
146.9702452251051,16367.45837197548
187.0191854258325,28988.70234332061
233.76157880680097,16780.11614682852
179.0688054957262,27567.375669680983
212.3046285280127,28553.55945774285
202.413637897938,14110.9209679882
223.37400729842057,14553.13230781558
190.42389854156607,28062.64189204036
177.50998975353576,41243.03802854971
218.0623835473045,17180.188184343613
242.9894019480517,17681.272356996255
219.6951233348875,18085.502817623244
287.9755402021361,3640.73431981458
170.83519216307448,27199.64199265838
116.90547929864172,27151.31290232548
211.79426732802523,15494.3598370104
179.0458380971534,21065.66365844816
142.27741265590265,21208.61828519181
238.33358409066244,13680.764138035409
177.29494944025316,16532.82882248396
170.73228872711053,10925.36010387038
241.1806799054762,25696.32094154681
200.3681589558252,13501.677965117036
205.74874230698765,33080.58882545031
189.077961960958,21391.16254399405
206.2697551936293,17914.340231015696
186.9182450854363,11642.727540809405
182.9971987311021,36412.488259683865
138.52571154770325,17905.480019297465
185.34296149450563,22690.2444040702
223.8606218312135,15147.171463824649
197.64695056521748,22535.085158347272
175.47933973972238,25257.64928627955
157.82735195564476,21716.42369230022
252.73924846918945,13150.207458747062
187.0850839899358,30846.585474123283
192.16632403395403,30592.54883105967
225.23175998572987,6874.586016391743
113.5046982156932,37279.12894995495
185.1219960052186,16110.18364335346
201.6032843097114,48204.17219241039
175.87029407292718,35804.29261340407
116.29932988379586,33223.58152874991
189.66593654788983,21807.40013130367
197.9935375069824,27025.20696302464
194.677687162862,24283.658791140977
229.2950981332793,44652.36387224059
210.6278246171795,51731.82055324112
184.05576194736528,34920.03934783447
186.16057025668147,19118.050299183407
191.75557141833468,26853.949493176107
200.91626251179235,9323.218289777264
204.66582865290752,17414.52062317062
258.6789588378244,13400.385532064543
187.4967035632496,23103.410444128804
216.4280319009544,17963.86684547205
164.0947437960836,9344.653322307506
222.5013059999337,30045.36774143468
226.52783194423617,13730.259117124957
163.0388345752384,13990.513403071998
212.56907634315343,14829.624212321543
178.26391066045986,25590.680244191728
217.7366692313672,9651.87482568678
154.33216162064275,25137.42767692439
140.36670861252435,17569.57981864576
131.54774425866867,21626.49759454
237.26950481139744,24170.27489447497
196.83300109745483,23565.73271037028
174.94286203820457,19359.428816294152
160.59575996953978,49125.36008417044
193.5034147799037,42268.33429600594
229.1228285838824,31344.460394369864
148.39372373034058,22174.781140510226
175.87582782814636,5232.913253564904
197.07693399272284,25969.215119535213
249.082600568296,21046.4485168714
196.0829665492429,22746.06165910846
223.59583899581307,31101.684276906355
194.73828216189685,27336.962623971183
168.28336488858125,17694.574832976854
269.80940702116914,34440.77343351387
195.56688949362348,29616.492869322887
179.40816823247064,16589.811554260537
240.8871443823025,18321.992317911503
219.51988565170765,20967.84060967087
163.17165313895137,25911.32167953699
246.62970098442764,27959.926160914205
122.9069907624203,56351.39630372492
215.49788214967924,13086.643934398497
224.4716540979529,17895.55658532868
141.81024255508072,12658.17716099802
203.06902862030773,13703.22037683134
184.4806587170468,11579.11339840144
191.4008206354937,25227.5451533956
211.91727649843523,20709.27976215453
192.43607640573344,22296.059652394422
258.9527320159533,27267.981860954154
190.3352727655196,12308.233835478626
120.78544948310385,13691.094972435034
227.435048351156,22305.56741374141
237.92263717888247,16862.543476270643
176.93967588217208,18533.33782762714
189.3422246954596,15155.548989159242
213.75517693146628,21689.634297243178
184.23185351536503,30031.83918131617
190.5675212494877,18589.031159737136
239.26948146487769,20526.66615556356
183.3090479533006,38976.0352139622
132.6703046985399,10816.273366562233
240.1679011693049,24070.263650635432
194.46323893024805,16119.340190397354
186.45708374957468,32241.079614323666
187.1536165953963,37118.25543610952
281.2686670205161,22452.09080786068
233.62514504456945,19550.299680482232
198.37801183496515,12958.74845688364
175.76264629629543,33155.578218312294
192.4279651042001,19310.0620106098
223.2788912795077,20287.35977041667
182.64665849280084,25337.12296312416
247.1640182695371,18939.61646068367
263.82412017721305,38413.05708961672
225.8954683340605,23659.2115198818
209.05967959905152,10120.112679667847
197.6093924021595,25204.674081703863
190.26736742465988,15255.115257959736
206.2949005748606,25794.95018998331
196.02425543544103,45050.00227622573
144.2363578280657,2552.962803650125
182.44015986658104,13463.852418845432
176.68397277687006,24468.0483903546
119.02821548640011,7747.577263386112
166.63655383023897,17944.852375346727
215.99711663155816,35971.02511348583
199.9422221976206,25973.326630596028
212.735585316968,18463.72212677624
173.0296406068645,24028.40540573667
223.60305799350795,29189.13672090755
193.65358060131555,13677.10644058598
241.21572946275984,14083.829887957978
180.77656166876432,33244.5555969906
193.4101406425249,14472.391549496848
147.49057498194207,21316.50672840161
202.4612112976188,33653.7619633927
145.7903698736801,14905.255911832408
180.84312475494772,15823.339374460484
225.6130938321488,15596.473334459632
225.4819087637101,34864.42789348474
211.28634231028263,26951.862653076325
202.53783528957928,26448.24508746797
211.59411247930296,18577.623968980275
155.27142514949526,27310.0608479416
162.7246722581785,23930.374548905656
185.4363401071612,18506.288608777377
177.08083947966972,14912.22550624187
192.74227526698428,32349.10237770703
179.70250313503362,22557.603596394933
261.56617263863296,18371.057201088257
194.6168939455156,17721.95955725575
163.9572402153134,19516.89804220056
181.5845651678909,17589.268989836506
190.3139043160345,20229.10815026317
237.1398277848029,22052.03461898169
249.3400530553223,13394.731607479194
224.7879361782697,28897.491527401453
190.63063618380693,26913.373485751392
232.749853691856,16488.0175125724
184.7452287708936,22575.18857693228
175.63773011843296,17177.07103669603
180.9037778123287,9727.653170396705
173.11982132608853,11178.40354379496
231.20310142337328,13533.230032975182
176.84106250266586,12838.914372603773
169.04968404675284,38356.226496408985
222.48777206240769,25319.913867098738
222.39999014607184,15668.27361760507
180.40150602930817,12878.176353612203
215.0473578931106,15921.412017954248
210.2697797493537,16843.36392740596
235.0045977383905,3900.913891731133
164.66676859700692,31155.540218305283
205.5956353435624,11579.441692754332
152.38673465827236,37620.24846932248
205.9410720799665,20868.627979306973
155.18531929611436,36578.22374530493
145.80627067243805,25070.0087387663
177.05589009355242,22886.96573475016
207.1721680535752,31080.43207563619
211.4544891696532,39430.30782271887
228.5228602396304,28966.569326843928
201.00210593103645,24510.50755840066
203.88437279422124,20855.272321145047
193.4622065683334,13852.531903215133
233.0634259085382,36640.37136619578
211.3764440319503,34808.44277996819
121.44144151263784,15618.170247930504
203.7072216185075,15597.640883064318
204.36048528423493,14333.53802380583
159.7293626987247,19044.68007121265
201.5966734501805,27682.50744557728
214.1700432352036,32946.56751781872
139.95535042279025,31421.144495479497
176.0065361472179,38368.012617715474
170.44092056220396,23000.723137395973
165.9090202882548,18969.82488830444
180.44505129524148,29032.78110347406
182.1295143139358,24316.87514580952
223.2883935684083,40879.78957260728
160.49644799107477,27218.82197618923
182.10899501828223,23926.078824959288
206.26341782629424,18221.085342175687
196.2457056729199,11356.58048115559
279.2324186459543,11380.298635923393
155.7404952352641,17973.178859011827
248.07173527013992,28749.71654352824
188.53660845841853,24711.41492737806
214.638602791759,21230.431409205084
209.8608444373274,21885.503784437868
166.7419492964931,12887.193762055927
262.74177031588744,39116.68270569929
246.8635806273199,22631.65772706926
246.1847191505705,27109.895609120475
228.45502800644888,29342.70975589484
169.50925435200787,4343.356611002731
185.83867135369428,31151.61517903189
188.1559799186756,16113.010553529986
202.6143722856155,31606.34882629806
180.5639656429334,26062.447216871416
216.2716236550611,26964.317180879967
174.88936090224752,13404.25433236888
185.87859436173136,18088.354849646388
199.1078855640336,29721.91163035013
241.38309709563904,28170.885101366224
197.22206643605605,16863.4387250849
181.8180655158953,26880.22003988432
184.13607042511688,21044.2026629225
177.09531249174174,13238.070297753016
214.21606032508004,19026.67284159868
161.47871035811903,25591.840984167506
129.88329651550774,8906.975623139486
175.33723954254043,29565.711107942137
171.12528741087988,24978.48317688876
182.5339783518816,20049.24209921328
144.23718065681612,17384.257185795246
157.7004810745708,18203.730028658225
155.48772453275805,19003.963899014376
188.2218124620572,31920.584694496705
184.03177581948404,10112.207322290684
244.24904583770405,31114.82083633101
151.6211320112265,28301.516948548782
169.1491900053623,17375.97074480394
201.439064518998,32571.05451770555
200.5575073663755,20044.206252319666
225.91911827974377,9546.129215154651
209.77880531570844,14794.41140003857
214.97243510204896,36112.13463432474
142.80697796677873,728.7508295768456
166.16183690283327,21144.975257847105
198.2134051416807,11451.312217210629
160.60823048420997,13886.809713477494
192.0236594206504,25422.33854849112
217.0182594836732,34006.76874531331
229.0871406073127,16404.75948482399
304.23591211231667,17281.97516841161
175.9118303359524,9913.963345655571
179.59618912885367,30308.231180576546
196.47871239391355,24061.349595752938
184.6821038788019,10418.108344794638
201.8337198767898,29508.4928139997
183.427974757232,16916.413537349566
191.9820471074452,34793.85330591925
214.8461439947073,49456.5871084231
198.614394719096,24683.723566029654
178.20054154343248,20243.08819511128
145.24661756982644,20256.353065853567
127.14489180603142,10280.92949674048
172.29276252556969,13528.549382907817
204.25356307886767,11104.250507939692
196.0835555125884,18592.08391958237
218.72383999456605,23535.0289007381
137.2534265502834,20593.933717750395
283.9972840772543,28315.43777694194
181.736388695606,25815.389206539712
202.2016241790341,21295.749878708943
210.48600879793057,32821.850090980595
216.7444576980588,13529.038758208724
151.20259145339887,31130.21264249527
210.2792102358162,40290.22163641817
250.5726829819492,24538.43729286854
203.6429166718787,23748.18399201374
220.97604896937304,11562.435509561536
212.7644943619109,29957.191215399744
193.2826016541531,32875.19205735977
186.3031370656567,33153.81297558052
147.47197267460024,34865.32463358429
203.8618673386868,24172.70331260775
229.6031727838324,12575.279626806016
233.9478636629705,21667.86874132637
168.87953922942603,17540.030217458585
201.9593172158381,26716.35970750702
158.3187408075849,25363.01659441048
213.0178296827953,20965.478308853573
156.48275940474178,30950.681099821508
182.11394636646932,21453.3346619721
184.3851244049376,21616.633855183747
200.0990129830887,15513.012580820465
157.66691751062706,33092.669352987614
167.91892171541582,34865.35768157474
256.6734691446341,8904.799817878542
221.8444932555149,40483.73038912539
207.0507482906684,15228.912908891563
197.42819880817515,15979.060270378986
166.9229798333015,21190.15494289789
192.25416191961097,21762.61414587793
211.7141417776413,11920.610835646206
139.16974356873496,33784.82622980125
170.227079802342,16079.361250418166
155.83570621680616,25937.7114383158
98.7716435320576,27357.456744580348
207.0655873426311,16544.275591098198
159.43560108087215,31977.37013682092
128.5857326504686,26436.03332650556
213.44468499464287,24846.141872428983
172.2990001423738,15936.247359864004
160.4286939702,19607.754919172454
193.55321164822675,17329.802160103376
252.148498737014,13137.490762302605
162.15770036445818,9225.770910795443
160.91581487826275,13943.244973660278
199.06467199753385,39927.73704499611
152.90756062034006,13490.608147782808
166.9868253472078,18445.74345774687
228.75681900556123,32161.84009048273
170.26971540321037,23432.109730480184
190.877469783772,39802.51491720437
217.89677245522705,6785.145302691251
177.17402078695184,38977.33079809635
214.5329901550303,29461.023770200525
208.9080360528162,29307.12894458043
224.31676037251503,11551.21568041736
221.20411425336272,31145.11073871464
190.2191676186419,23094.87239357759
170.29142616212306,14550.41700543524
236.34444018130267,27931.2084020948
173.15391505725697,10323.957841371875
211.10555110633769,19224.98628010973
167.03009718362142,14547.885478196942
162.24688566600025,27215.90274170991
204.7372919371708,25680.71738836721
203.3547883821459,35800.699273176404
203.39622710643607,21403.00204819467
223.23225004437475,14739.068540064643
176.80866080582092,12171.024549095238
166.7330067528863,18404.05068863272
197.19183941740528,12932.590386218995
190.5476779864076,15362.452383441234
225.67487155966444,12145.544595700614
171.97180368438063,8086.825998967037
281.58216230439865,21707.492257748752
218.44080422593177,31350.27576547941
219.33597776898887,25574.09172142843
210.97974749526747,19981.31518756184
213.42313924496764,23432.96269427995
222.6284244862252,18134.83502046913
211.21703429690413,20008.13495738684
192.93702709690675,13442.603471136694
256.20882997776937,11245.735766690404
227.23289536313413,16174.4337385309
172.21468280183308,26653.76496571764
218.4908565157667,16929.290199720523
192.3904297923974,19808.537766302456
224.23625939355776,19909.5417322924
186.8077507577325,19790.85692629696
179.57975245979594,27951.613070026902
197.71218301547103,12962.389672891964
161.6231416269478,19116.01208412308
169.74253717900714,15039.710405983977
157.55223841738209,7965.207918480109
199.3531655276972,11346.143452721666
212.69145728305188,29879.06014610585
163.62462341358955,18894.852393690708
229.3393324433285,9632.730976373949
272.9203850794966,15496.61171860211
180.1197279392432,17253.336739558832
175.22037648489427,22644.766347518867
212.0463910751364,25189.8306215794
173.381945364966,28912.202201016768
207.25770955362344,8532.139516959518
216.2379750148496,20886.786562734203
190.059694941258,20015.39810593454
108.91662923953172,14476.335695268315
184.4420106841809,22749.17835200977
214.72466925844697,9363.85398761785
224.72105888484265,27402.019999042303
180.38236352234705,12305.90541479136
191.2786805505674,16472.192309271515
184.21824468861465,32328.53826419384
218.9924361418924,18112.28444651079
185.0879142497785,26453.003347820293
156.8411948902071,35793.75778674372
176.65563127690487,24069.33591470418
145.80540244684383,13168.529155675998
188.2166040178224,26831.610410687943
179.14928738536975,4784.967879427389
158.70747178060148,23154.062319200497
202.7569725044581,12229.647584088483
273.2556208042687,44506.44156075687
216.3818795977259,9465.323904989707
196.4758988572676,20226.287944826712
259.1449276933153,2808.025755679448
236.72504872652965,14036.163655600054
202.7155010481385,44539.73832325805
186.7328806605761,41065.23476453935
236.97549609616328,19894.14759343877
179.35057672479883,28584.17580970699
182.0595342239396,17869.455441116883
175.59674225726096,12629.853049233752
215.3687416311452,13969.438862550478
198.76819532530232,35200.7988338764
147.96806029838478,21226.665548084817
190.20071312769585,14642.205540005174
197.33955943396484,15349.142584940451
208.32602177209543,28234.906857156184
146.7620232813935,19271.90312346903
250.1839535043676,11465.575643229397
215.52951074368352,30684.21164241504
232.36857996920327,37625.75267985834
214.55608597404893,11628.336675478404
191.9361914729042,16746.80039197338
192.64733363339604,14598.951912764807
191.85880507632103,22526.27975320522
177.2525105355911,20321.229404327143
158.38784000010122,20474.8208239728
208.7314537169364,29123.708303808296
284.09835153725896,27088.476460253085
201.60849253061025,24207.29802654832
160.21182215146052,5128.457645769734
161.12420479859196,40799.36032812741
238.94374429692908,10102.489720279777
212.81937743864663,15017.747281118674
185.9250211478212,27977.673208238462
222.82121305829864,23879.22675685417
218.5493627277141,18664.84429697529
206.81788714499308,24036.59382679381
189.52316077036443,14518.974500689232
194.98063602657555,20919.051434180343
195.35280730935835,35216.534274067046
194.7962210453863,17350.05853092619
147.11791799155105,20827.917578463774
138.51358802644427,21504.138820970347
214.21457410190632,21022.8350298754
178.079638281933,25623.86750312768
152.5301111764229,39028.59934029076
164.72348623241737,20442.61501430499
235.33831153028973,14763.580113201528
204.8599935748639,21530.316230563425
198.31001978048192,21148.24190473068
208.9203689453257,16739.266635207718
160.76731128492577,14775.14559575291
179.39723218654674,24196.26441490278
240.3453052406008,36701.97434743677
250.7053938970432,27355.934306484523
194.73385836416105,13829.939069948674
181.41340206347968,31429.37902924875
165.90628041516382,22396.209253823825
214.65733127176668,19692.464393722068
228.1303828552258,12937.246890752847
227.56086679477545,22195.21038401363
192.16709613811528,38468.41358393036
177.7343572839614,25702.518673064544
167.92433600731957,34768.93341990608
147.9168920753456,10562.46053906748
157.88257451197023,16087.269710029725
222.9437479326424,19713.41152101369
228.16090067796205,29706.234224271426
169.92622161321634,22550.492264225108
160.26096401709364,17786.763300483664
149.30829657309582,27180.057189222098
196.6589466144085,36966.85331934397
203.39613019500507,24578.421221310626
156.77318079614545,23084.066584967768
154.4183296387872,23027.54975933532
198.40924713362148,22389.38048560545
201.37945912207348,28001.11817880314
215.440641301999,35775.793395721885
185.0459927680697,23072.780698281265
256.1723233958317,31965.364040777866
169.92524845007168,15835.122817712849
227.70553814458864,24200.353482392493
184.8285570508668,26845.66101347512
181.4344193519679,33266.57157516288
212.27464477236737,21670.59366334191
192.2345407719912,24227.961139341915
119.16401026970028,38781.45742184306
254.67270502539407,21082.85204428116
105.85926357195498,37928.14217716675
175.46586046062788,12653.944084529305
194.4453158082077,41461.31699893496
159.13941002573804,27283.780654727874
209.1645178119582,7845.4728910408385
216.07613788740343,40175.206091417465
168.46918072827563,30969.047593280786
186.06060347906904,26693.76160684569
213.09177153173565,19030.7168755755
146.05538349814557,35965.74458114088
193.6618704986033,20511.62083191808
199.22846754405663,14446.81238968584
206.67667525096027,21823.09425610631
216.6653185786969,23027.385262019307
194.71396807560347,40611.71331919785
156.52063479849775,16146.15711220508
197.4392159768229,26012.48874565097
204.0103465293257,18493.872175475164
223.26493973020737,11519.046527356591
212.8385142858631,24259.751669473862
215.0608669433921,16488.04765596487
233.85034500527053,21136.286764159297
254.61751866421665,9624.300462110114
174.72868612181793,25564.76756368057
214.4695747933211,10815.399442205578
134.73685568990112,9000.025591189238
275.7467164820933,8607.612509852157
143.18650765307552,18377.008261408668
168.0424650881038,18564.37205508863
194.8740654457996,16658.876503163574
235.2108763442585,20443.135054903632
191.72220605554503,18252.07598964477
190.5319471341491,16191.42609113293
222.8946593280205,14450.17574688168
201.63283568822908,13749.59603662392
207.50951515100223,26489.114701279133
236.67402586960628,8081.466471091589
144.2652698526354,26726.77111340624
130.94446388846563,19460.38281898756
210.3714356124308,9583.710441307565
219.92138996803715,33364.918122879484
178.0804422985554,35044.371280297135
130.3742718610842,9734.677103081169
201.8640323463781,25394.104720299747
205.6660157353413,27044.959810452743
222.4839312141405,23884.131478628336
194.76121497258987,38119.1855684812
207.89718718220348,36873.55798910287
151.78431903703012,20561.694730733
140.8678983115188,20666.410142053144
225.75410943088207,28194.452646493937
191.27793161063232,29298.3594915512
252.40456462351648,20197.24766773848
114.46389984219503,32858.48309646261
178.34405979063337,12928.64443298091
286.2017632826901,46931.8842927942
231.44255333831305,15063.814968339631
237.02286314170908,26944.681919087245
135.80236170060937,21485.15319519108
152.50767942316656,11398.731104759814
170.49631109661308,17121.505917055238
245.02346111649337,27733.71309889203
164.67480268723185,20260.40369215635
177.66289465631235,23441.2671432942
161.25033056751795,23469.22086693208
152.8624334841574,23641.70256530387
266.4210180681174,26362.965012309312
135.71216605504182,12060.0095271727
215.1089780116182,33462.03422070504
147.58183139318666,41538.24273000266
184.84748729413263,22159.018072587096
201.55370076987057,21856.988628005776
199.32188950091447,21696.00324232273
274.351886995951,40546.956331528825
202.3431874909089,15173.471149854351
136.89053061148584,28105.964887110626
248.5774824415473,22372.303266771247
255.95359928258972,15097.024064230003
184.5417085815141,29382.33525834237
170.55008775515626,17561.272835697117
201.5687240953636,26473.71323896156
211.1233123490705,22982.927444607063
195.7172934966878,35254.02604659549
225.34098627618383,8129.734919236011
237.4610992410309,18736.19090168444
213.76717628484647,27377.699775744542
209.76151279365297,10897.150288987916
204.8699744563404,8403.284552226864
220.571796189289,29432.208251104283
272.111698452723,18989.316768242767
152.1152127221111,22624.03418163004
198.91048777024048,24767.167109109
199.13172601085955,28460.203396912413
199.1178269297172,25815.609090216807
196.53396007421452,27022.70850479579
210.0040334970035,28970.08760585726
184.74139408542192,32328.714811575148
152.48007530960024,16318.733613509214
222.04263117353537,53735.89919386698
198.53076965522703,14037.039926614125
199.586080284079,24160.35432097404
203.5059211759689,21417.59361450576
193.7067445243445,18463.88366234153
184.6883949867021,20857.90821926595
200.6462242393609,16932.577102767227
217.3680141767772,11318.14056257282
199.49581125276544,16772.226246243372
260.593154348188,24792.525622664085
228.1094592213432,15617.458576764207
224.3930365267601,21856.145212583404
160.44263125887431,16898.808297192718
159.3179721842128,38633.30516883611
205.40052911647376,21884.5385145885
184.869606190146,41801.44183689757
188.7116365205176,13207.860965906144
233.3007587362074,23673.10060598764
231.9732976203514,21460.83815963781
244.4613420526374,17940.099080400287
172.55026149278058,28099.038729259817
174.35057661350817,31017.239417661684
185.9324193547561,28407.66102588473
180.86780067633327,20430.90669671211
225.3977868767849,24741.53499922928
197.4604694131885,23608.862238919857
168.72858303956718,12531.60192106475
178.81082764194483,18610.124151836404
208.66817151495923,12149.69673030878
190.4316791816732,20288.23556946868
136.09067693820538,26484.51531637415
231.15982406732792,12856.72862340994
152.87830510283902,22989.351184203028
174.91772428724832,28990.78788222244
164.63592081564917,30660.209666494626
200.61229861795468,15247.128030884563
185.63285813186496,27981.091190195864
167.36218705179016,18014.99570314822
181.8734217289644,29136.814623869737
202.2548327878382,11981.740191012996
258.5268417014941,35455.70961215394
169.68822486897415,8896.195118425881
189.9421571570428,17447.994671902798
226.9350617115832,11930.6247945518
206.3183425480184,18752.269677035554
167.0889759575684,21153.322826848344
275.6797801464157,9480.617796477698
220.89270497366263,7460.247260338701
180.95890483421687,17502.87944209258
115.39297941167531,46077.35848526223
161.8264761362667,29299.1233527876
196.33467279621243,24108.127550510275
199.93027838230128,19471.465437595816
187.7870170634784,10498.635153631812
220.95055836068377,20988.08780567985
203.73048066757823,19345.922475256382
189.0315881874677,30453.623185522123
232.3868273774048,25107.20862979831
233.72797460195045,7263.056749130122
215.05136457391643,20592.258942126427
181.8933655615536,21783.65103336337
224.0344172531912,13505.033116054752
184.393042697298,41408.11482166175
206.0405843179259,22805.61150481362
228.198026777358,10215.812416702389
190.9949573776115,14578.96131141724
200.37407558257124,48002.08459600114
180.8251137620231,21542.83003242949
180.73652626932372,25672.311996021173
200.13982871773047,13867.244195734918
152.7764554046094,18464.9007746443
243.80794967931607,7751.809491098833
253.59983819569624,40626.847810230574
178.2716356163275,18308.50267385409
236.49327465413847,26631.2128742276
193.7431051543708,24085.11214024342
236.5807942282816,5230.630429801216
198.01716522795385,19900.407837851708
219.57621507293064,16478.071433262532
185.3422374143448,25669.719919916693
275.76714183651194,23736.816258284023
166.59242524339237,18852.12297879637
188.3732816676157,32869.474407709225
193.78499977048145,13769.860237879824
181.2105098732083,30280.788593026075
264.2656542791372,8471.67738143048
192.3407436816268,22856.74290130993
239.0576795155944,7986.493239056313
205.36683110631657,16686.312760329496
185.0435966854514,14151.760083229845
249.96924347628504,22057.051786181903
218.57354817585485,11724.62331510551
212.71066980589012,15751.175300296723
241.1407462554082,25721.83386616531
153.21214977311226,20117.359061039177
221.08970817902247,13742.145965163592
216.1221437373345,17732.914670264538
198.8888677601276,8535.40295572258
181.0131001942548,17430.919719636913
251.46284435305705,21688.61694269034
140.7390622511396,17266.593421923077
193.09126005208208,17777.100086110448
189.70066476028344,11512.46584166365
209.61921423329784,17939.704696020402
146.78993810075713,24252.45882437874
188.2519391176551,14906.047921749065
224.8560890465408,12833.461241077755
248.9546551332156,25253.07906240844
179.57809454728397,47591.28318329641
277.0657127768061,17711.487773748795
185.67187362857936,20143.06526175514
210.20492128814504,26894.14489019024
167.41971059696183,16364.159409157835
174.06045651903955,15222.246443946577
236.2048887704422,34822.81634277742
183.4717940691837,35633.268510737624
178.6580736754134,31461.19675997045
133.43213240057406,21944.64182966756
211.6620911431769,45166.91214141498
184.9442319134637,16965.31410880434
200.8911924118444,17982.38725646974
175.0439988645357,25833.85171330617
241.030898500634,22168.331560676947
149.17169026665542,28628.15185643749
229.6206162661838,19955.71054192327
137.68934356534146,11229.137777081483
230.4307615756412,14916.98609089982
217.9367988994451,24502.155146145928
198.9958000508364,28919.81177526052
232.66850873112725,11797.920916457138
204.4862816465186,18608.940873849617
146.86567978891298,19679.062670213112
252.6704690341004,29368.67418405221
283.4095680437513,21160.08973864449
159.29019048746136,18711.064662136807
188.98028152061903,11965.396508460652
191.5548151527385,22462.113287036183
218.15347702100297,22540.77516736364
238.4095980755224,26493.07620652817
134.56027614485654,15979.334793250777
190.84451360492767,21979.031670782228
173.11149825407034,38787.46270509904
182.67216893349493,20247.201029333817
153.2970184052645,22777.53206949808
209.18562534531952,29568.535852018093
254.1253887500646,9959.1350153987
165.52079725952862,32452.614409143884
228.11146257358064,27405.316211764228
218.3198859962164,17639.857939529353
149.85348697706843,16203.090696900725
210.86043856058933,29263.55406898172
186.1252959253385,12253.303388605282
203.1465467521772,11609.109054527797
202.28593794959164,17087.076901837234
153.6404934497769,24316.16333992184
219.5864398669669,16470.952191630782
210.7207686977881,18857.058497252703
193.7211193509862,20019.26121482609
212.4831719992981,25645.06723301753
150.5345189469585,18333.632664093995
216.4325760421317,27109.23965235675
216.7362319075029,12558.897972763089
226.58648764549457,45510.58431927956
202.8111418772112,11900.055202795736
205.4829398052256,23268.24308114166
212.5213078688025,38713.11269226301
190.1893878032868,25780.05907700056
203.06874558303323,25489.075025583825
221.75234848010984,29808.236904440582
166.25996162297542,22229.230089547444
185.9222470685828,27365.10636262947
200.82967424192745,16827.192866686655
188.18869614919663,35643.18120775992
183.07362857774297,22025.69660620265
213.91507967662028,23971.98951891517
154.681902265275,23050.331256744616
201.8278484653588,35418.73503990262
217.28326240967087,36343.40705514046
179.2136741727753,25612.148912339955
274.26361790766424,6967.735565126048
198.7122280342268,30348.24365070316
187.6663787199156,20156.5786232912
162.6832745067215,21463.05918843012
175.70855329229607,25954.031764320844
216.6223921624056,19412.11272261369
215.94069522805705,10171.710103327809
193.1167938730153,17388.98256489996
201.57204599380577,15618.135242204173
222.4897832194207,16544.82750374654
199.8129989267848,14540.735081878283
202.88242945570312,17505.852735168726
197.5626645967175,27430.441731073523
173.53194724332127,20333.07949521742
185.7066466104881,24769.511393738707
223.1754154520773,41552.01966435573
183.6141212366004,20316.42668466925
244.3958980996505,32405.413860708893
248.1328614247554,27824.190483374845
156.9295461583656,33954.43547084092
303.7026267264731,33219.0745454325
155.32147750080298,34971.80748262682
163.63974692058176,37962.16799126102
222.43632124474937,20320.10845267344
199.0837517570167,16233.134679362192
157.51336086289928,24352.066099112355
177.71284092836623,21937.47156902812
196.0517407226027,21919.47016261208
152.97621710585375,20389.59381574744
190.3213907536028,22034.95459563846
185.50656272621129,24454.72586422593
221.3919744445198,27979.736222254724
207.3619066463786,34355.61842683239
210.8513459745638,15978.036559255024
224.6085627613308,29983.116007036537
134.31115980652015,8076.822282595229
264.52560648587,15978.355249095192
182.81901536015133,23590.31371232569
232.8643910229747,32600.42940605805
135.25927247295698,22184.52703251262
191.81552348678807,17106.43864544954
239.81600458044133,17177.78878280838
240.9791037623137,23641.472028426168
141.62239525456184,44499.72870971962
185.7903173427265,37282.52249023743
201.33885676642785,24912.87970547044
144.81526395966532,14507.01780785626
205.18301983822863,35229.07700167067
274.9687829357338,21558.308741146284
197.2763640237912,9848.035582779446
208.8178120262024,34538.54403773854
250.89662136200684,15741.081627151125
171.72255503318436,20852.76449616848
280.08241070652804,26849.194735446832
192.12105229204764,17279.96219835077
127.11755515602354,7907.330440971365
229.96442239785893,7839.318759829379
182.30694217406872,5689.804404872833
167.1044296160452,30362.68394790395
198.41244699493527,16648.600567341065
202.01364260009225,13041.829140394102
170.82779233185357,20464.77269438748
218.1396219884737,28722.17584686686
184.55858174244537,15940.573270538474
119.841904634348,26618.05963677565
202.74552028375533,19952.30947002819
195.1787420123434,22329.740079438463
175.1571552273615,33473.11251835836
213.17558876856128,20417.264415925085
205.5634994781838,16100.967947448617
252.26549119785653,36477.73811241909
197.5410721223073,39657.27210801511
202.9907652715344,19523.12486468928
242.00571600208505,15088.827652848911
191.52687441559203,21768.640743818403
225.5145731412644,27163.4578756059
207.53538090335985,22671.47976122911
210.0865581013059,37922.90561590639
162.97855973703514,26281.29781212906
162.23184570645637,10494.573368799094
195.514515850357,43110.50372146368
168.8223952533804,29370.26418381893
129.82385854680206,16002.138319545113
168.28365132507074,22207.470232223448
186.6200683962633,44376.18738226209
161.03897105056376,25583.492008523008
139.9594710306098,18058.32029168459
240.4321002291383,15331.302691753155
241.89551463867187,25717.936177979973
217.53850402153955,24480.671795007485
214.3733940856225,22018.41744077529
219.30091421337028,14859.46642428366
191.15047940322967,23172.28151035853
199.91801362570047,15335.511432930904
188.3133237696164,28748.68773904612
171.59223653502127,14784.755660612993
211.51309718534105,32423.4626851086
180.7013754732779,12105.721934269564
173.18556894396477,13736.342035671105
143.7884118270435,20724.930359306745
167.4661915078322,11532.223177828448
200.714870022216,15694.507193849424
158.29205740728025,31177.133368775983
174.6141336025853,15736.893958506133
150.77572348289786,4168.196993742783
191.8130460025501,36435.79351381371
234.7839038156121,11142.392632055147
239.75792881016525,12318.403885882264
224.8171317663408,21379.963927406425
278.3403577852462,29045.261138112808
260.08338456831405,26730.635333884977
211.31102858658863,31725.48776569772
223.99570054773503,17196.05471106186
208.3670456403241,22444.09006770394
192.57400993430312,14982.30547703048
202.2562815455875,11848.769729095187
203.3868565031016,42327.16801603931
188.3143777526789,12320.512291841798
148.6246064696004,23688.20522331314
222.6615513815935,12311.268365978076
166.87837974379858,29956.36301758971
256.2019802629078,43536.02087409114
178.23365945534152,37861.44001203971
213.0664066766147,16769.89054626555
183.24279619429385,23114.446075687887
238.56938041349943,34873.9345228707
177.6743050279601,13129.14984194092
187.4188826422481,15423.387277635946
148.84212929868846,13329.03225273805
200.84214281296323,18907.64284070545
217.2197464316332,27653.235184410696
173.6901017342175,19309.57045437051
176.8960327834092,28140.76815451146
173.44621380578974,19617.308493681245
203.05430969808265,20106.106839590204
202.41950478059005,25521.889224175808
191.77362022797823,41569.95198509877
235.67745759489725,24008.992039567405
168.44421445078433,23894.13600961513
205.91378641281185,30379.35944070353
200.71720655652783,40581.48680123331
208.2045307343122,17835.3090128928
223.70496558825224,1351.9069790965912
201.80549063698905,21709.647708957324
191.58556548067992,26351.903773837865
189.60834666312743,12736.86500142577
248.83326298226547,15391.559151103324
171.816105324697,28954.801012055537
231.3402282351612,4544.841717583644
200.3043481002408,10587.304929474993
182.37545579303296,24723.10629585122
179.7962052126882,17029.53489268212
242.6205031372363,13900.779270942352
208.9080219087856,21456.604421755143
145.76818060217258,13224.935638976958
166.73800899675925,18397.199408096025
187.4153063759097,19024.485531279348
218.2166824704809,13753.99337343067
260.09217257337195,30616.615148853696
220.47612607659403,38748.41134555242
229.9283665401693,16953.89873630931
179.56029037435786,21314.86978931212
206.89680588125145,20416.6510300176
146.88303822198975,27671.52260010992
184.95205738489005,28653.47234174889
166.26975665274625,32471.45632350266
196.13398500592663,16609.92548912884
204.22532906846263,24196.522678757345
261.23382530839666,35278.6817427457
173.3754983501208,15758.740621388915
213.54193229259064,22539.71161451215
190.4619172664933,29411.628645120265
204.08431824790853,20215.69751694188
182.14332829158508,26804.10949146879
189.61852792187892,18529.798030715072
208.0700517880054,19457.639481105347
116.33827811922914,17101.95156861621
128.6168684735884,13689.592073086058
133.14175116516057,41982.61065530991
214.8196268986121,20575.57315960785
167.88762871252754,40032.41400480899
212.26444113154653,14319.401369905912
198.8657430258765,15911.357508753115
183.1066248848405,12856.92869494354
193.4331627921304,14054.125487414609
168.687890271917,13181.673516106885
208.30383256343865,23495.307483305656
219.77889849178385,30681.12025793984
239.4399530627979,15426.915078767292
228.52483859423225,11601.642382347663
233.4028350124758,32144.79993361832
200.0323482662457,28273.603243437527
195.83657257871016,14563.682649079745
237.9199267632531,20416.84099619073
155.67577693423152,52060.22680026684
188.3687407851482,26402.703957347483
129.87095837698382,20682.73174245486
188.0544191463757,22139.87884847068
218.261169772179,12088.41645033494
166.89170013825074,18136.128858582844
169.77547524436926,37273.42922304459
223.5784734635609,20259.72585030205
175.4607816228668,34933.784401356046
193.2864626334158,21675.68286642864
217.77163128141007,23575.991430246937
168.74541441395323,17176.87895065498
238.68992851166007,28780.340431632725
204.25826315133577,26321.689194583465
161.89636216322413,6040.369868025334
220.4223891479773,21051.256906654795
184.5527153427008,10922.54199370329
211.20052600889707,12830.484133775428
240.13457185335577,38097.32979626167
223.05783462089016,14945.29566061532
236.5420505668533,33197.15052685147
177.89896662548156,27834.21769634046
232.46263718036693,7035.13379657523
171.23892552944693,12289.900922124629
228.735923744216,35343.628580103046
204.852186950213,13286.156575345676
148.73770094538864,26640.07218775072
173.85088155056013,28391.99818542178
188.85416928998177,30042.92850642659
274.7049504716489,14600.539521891906
272.9827446610101,37169.44440353849
184.37323179806208,14807.26848996469
217.26647243232367,38184.46957355751
190.99484831095265,6700.775053800422
235.466404746777,5477.347214769689
203.01647365220828,19231.68174921484
184.15660404820204,31125.740433940548
189.81468195044715,19887.76982585297
125.15876980912518,32079.774815203946
179.15495640317573,18282.069275890364
175.27407595533003,29072.16965421457
213.02927295867988,24531.86944038499
228.7321522076208,16061.590097622857
190.6699278409826,17638.322473218224
180.3826185492308,32740.56466119368
224.80945563366924,26807.119511805584
151.30667357089163,23781.32874015592
185.05044395099085,16276.398604470483
240.24477096583743,13979.165723295524
205.21404105658868,17650.405049112054
269.5729132274828,15761.871366279853
189.50981146941243,47022.74584512559
230.8579827708692,14442.41887543212
178.64011866627362,37993.182754531095
186.1239242423718,11920.907422128525
225.3993069787851,12224.624603764092
203.4193306887763,16925.01229722553
231.2601312960317,18536.69864747702
186.69563195705484,16639.215178592203
180.79555812792435,24712.99343193111
221.12696274359504,27158.677734100915
196.2747258221461,19399.221972076662
154.92597170844743,30037.22162465193
166.71044045521649,19806.411303229328
201.8924736726692,15327.879723449309
174.1610935117429,12677.84149561641
197.374481802656,34702.41784804427
170.36046254939882,25866.10394858233
119.88581029792708,22331.237876497587
225.08023382787,5100.094172699328
221.6731342740876,32269.50493812044
201.4558079592101,39431.25263187423
134.2012886926389,22520.418640021984
218.51314526880608,14608.363145319992
204.9617498108948,9566.1222701692
298.09867947877547,17083.17508543493
220.1254225517984,40009.72361003089
244.29455766552144,29567.698929375347
144.6139557266044,39716.13180392068
194.76387129742383,34565.70169026524
186.13243188501767,25926.075642581047
208.1774639841316,17264.84091667297
158.04039836256337,19663.46942804372
166.94886404872258,13623.160062865045
148.60794425320634,14467.785926491071
146.2503249373279,25623.34054925668
198.9665123195353,6873.559885376127
227.34018598422625,17605.535759032802
215.7255270197802,16553.562437442186
191.53163008477,12885.516912011995
229.48569367886049,35729.692708630326
191.9829945402664,18222.931957438417
207.5889534566365,24359.47041421294
246.0664756445115,21179.76258787499
176.96943085029608,15323.40882188845
238.7133933823553,10704.6031822988
194.719185856794,18344.06944411374
193.3524163571854,7714.746969262334
200.46722559427508,30862.784458532115
149.0794957561743,15931.429225597616
215.85486927203505,9887.830754527777
274.0213909062187,38886.38767861533
211.4527442696999,11234.04147072334
227.23146923797452,25484.50849098786
187.23053461680195,49341.42127856802
150.56359352557246,20596.39123095366
250.62347275867705,30797.519998954
184.3950027880672,31155.988820087405
236.9608892461628,14245.78912129943
214.38013896465355,15007.421534208548
211.39884388167337,27361.659066176733
186.7226312289011,28702.952380225062
168.6957662783445,7066.376916672311
278.0814463395434,12978.197125527036
165.79795187186176,30396.904618808283
244.2093845725566,24755.960255672813
198.37914369451653,13492.840835026833
206.8278178719214,24548.598298599503
215.2455320998125,18059.33085188565
196.9000984065113,13790.296201812738
233.8589956912124,11703.923907047854
219.7257126431681,9840.78281985046
204.92382857417016,12556.754046730206
244.79670522681772,14254.66131588101
218.3940540770135,23774.25827922927
201.7808472379204,17063.172107897266
153.71287427649622,56867.85923615444
180.96562086209,36278.71830879708
197.4823264320705,23460.82138066364
239.78827775070772,29331.23663290317
224.84118059890832,25842.581279366528
183.26226144148453,4111.7854317957845
212.69827636661776,40936.15339124551
198.323260816452,21078.88716644148
211.96340447145408,21708.94928637857
199.17015983755184,17181.008813677487
171.7517540369102,28338.66404002995
186.09343237063376,19621.32510547916
185.7441467343026,12218.09594456384
246.6228710490064,15428.450915708274
236.82321446034183,26188.162173561268
193.1695094876125,22005.43655000613
267.5330268756116,11870.424852110136
199.30577420576543,13909.479065439597
194.5564817360987,20231.517645479675
217.5228619622912,31903.399811532247
212.4800362196764,23572.15780201952
205.0565357935376,7040.737620777599
164.31710176471486,25236.70131646833
243.4129414691604,23493.12086392092
209.7430437506691,11643.66347576501
207.66922940608185,21214.37051481561
245.89513040867456,32170.06916009624
195.55442847534005,28415.184346936385
204.08094513246093,17258.188354998932
148.1031294610112,13597.896037808574
212.44233820906925,12827.621006985364
200.40435093805635,37033.152091371725
223.5119784342916,20134.398340672
212.5929905085604,40149.316556861646
227.36694921951323,22690.045870943104
155.5699415418786,18253.18109546363
210.6703041646953,19873.300917970748
240.83252851804403,25694.87370551702
198.1473264811238,32680.977991229047
181.119529132392,17503.31222978757
176.27140374150653,26422.097888905493
228.48839375396625,15824.788728849351
110.9035977471642,24814.48580511025
208.83771058014372,11609.997158811822
239.1397785739744,28545.355432785866
229.75744606378947,15077.850342877471
185.68000402482804,25927.26543187954
242.55924577575604,12715.814279597913
221.3201843728941,14149.499829286711
237.677383112304,26009.07525933065
143.45373131192335,19942.27321818484
125.97518527479444,38605.33153004213
169.23576826579773,14676.71627206917
197.9797828412593,17153.306163452093
198.2186998533857,31081.73526431089
256.21256522331913,8746.901717120361
263.5141882082595,15379.912762902462
269.6403780925448,10194.32541115761
173.52877840044673,20185.67622897999
163.095105838738,38037.35307442267
174.50681953512432,6493.547256349771
189.1453776814234,4304.492483085919
206.3131847013754,42210.88523695676
197.91899277266765,9968.96273804851
196.2488574393,17909.365782253528
173.27281821073927,30656.16311302757
231.5608322393944,16621.494788968663
189.9755526527983,13527.989885696586
210.7328535918545,13671.416030421902
210.0976079447896,23616.804622627704
170.95182960133258,41452.62557425522
128.62007905441806,15273.049287387006
183.84009969220804,29339.929268454
193.04755784465576,31620.19078558264
158.04306530443398,12256.678286509748
179.95486155596774,26562.447179006183
232.4687267350907,15873.034428156288
166.696694784928,14807.413553773438
222.92230684766145,18061.697568169104
97.28090859780744,19743.14841649457
197.6021251028353,23112.50443531577
163.36160354126406,17977.69393789565
256.27339253623904,26912.22841698465
185.99241060624863,23234.788934234868
201.0973162217649,28102.75662504674
187.70953274686872,11642.148998545998
169.08705216090655,14622.745494434115
190.1645202230107,29258.738135919622
208.404165637212,20109.02627037874
210.0461969187596,31073.031337988625
176.727511301611,33337.10964943294
223.72043045827704,15893.67441054203
185.90317938697905,18020.84242807019
208.33108404702924,26780.69178733168
205.551854127598,24820.49309120567
182.31725614546667,30430.21175215331
195.8272127022547,11610.20794869492
155.82935040812563,13351.41382996239
185.64352271740688,27509.89342471555
204.274241099894,25145.02412478556
219.3374288103309,27548.61417733812
209.4268373223024,20827.98384358852
220.038185981074,11939.769859279972
179.91971076115584,34698.62116044991
186.94421135042364,22723.80995899501
233.66163585289263,19598.86073972567
211.36016672106155,25650.777643120266
243.60650760422067,16522.715753614277
196.5626845593928,16911.20377300041
219.44263968437767,26012.130277781263
186.88442213446453,22554.83008742857
203.34164997521336,23087.21765865113
242.9094363065688,9654.733680734054
204.5693658042977,16615.908152421656
160.09508576759228,26561.569491317667
239.2782545071105,27849.14208822323
192.0037756898031,11889.21774723934
180.6805980896203,8692.538151660434
168.5721461104161,16073.67061950872
186.5608458950196,18655.541892184912
175.89434585427836,21467.950865982875
180.4538712858433,34451.98421401317
217.77031643870023,19026.01732868525
192.5217032483177,36269.70131666216
183.9087222618269,24752.072459755404
171.75155094811768,16431.20489706385
212.9221414949659,19236.012494926068
220.8191517094727,26686.847940981672
214.81668099928447,27172.89357293617
190.751164895691,16246.173191143023
197.60207770854225,9407.664038720552
223.14188150579247,13464.487161770325
192.17973900251303,28086.87349764668
146.62723668323798,20227.643783021307
185.82572638319968,39431.11265323532
198.9962870125076,20225.6429226288
213.88633690096805,25043.53280335705
220.96004111995595,36438.31087570425
157.92749243628893,31598.536376742788
98.45293050958628,36490.14303222343
166.8669703511137,28508.637799593933
190.92925578314413,20661.411062730385
218.4246370192336,21871.83870004249
208.4907383229773,19666.99279150528
203.3233078947161,40148.1237214392
222.9500367849428,26030.618513623973
127.91882621440118,39566.75435226551
206.369682384784,28608.052076372544
249.32419867367315,23259.012448970858
184.83630056639765,22673.0344718994
142.27208424350587,23257.20883365817
191.5484006733216,16473.067089156142
218.69330048866644,18767.65668181348
166.4049679641564,14202.193804903422
171.48362468653875,23625.813886131746
160.21786704107768,23683.110189971605
172.3502810907013,40682.14399780205
209.15702188740988,20487.92382540669
202.51019413930047,26730.19261296361
200.1346974706857,17583.08033488389
233.21057499872185,22603.64945436473
165.77311891837132,22939.144376705925
199.4250376532799,25100.13140450449
213.51972211063432,15457.498661666325
174.63297715067193,21607.4832382386
180.81772204590763,15433.134836912068
173.75077581038963,26848.6298415976
213.06538481772856,34314.08709117726
200.3086525684629,25355.99892143761
199.0514027334056,36860.468899312655
181.25870473997048,11826.294275033131
164.05738871795833,13679.05690473032
211.34468669587807,12861.946542042451
94.0913074831264,25510.09729821465
233.5150425497877,41411.60170700689
201.41012273319703,16515.87216586344
206.57784298022085,40710.524385742334
231.01878381910217,6675.682244593603
184.07103372110927,33123.44297961029
210.37656141758333,25433.465014926525
121.0363186186165,22981.74941112276
177.4442640966961,28633.84638495736
192.21673841027888,19330.035764975924
213.04844514753444,25259.780548961884
192.4078763659808,25460.3007927854
187.74884924223053,13457.211128838786
158.6952089156538,8721.231884671792
237.5796124964799,25222.95600386242
145.82586873102096,21157.179728977742
169.72816947711055,14710.72283062666
245.0908250345308,18001.459185846255
222.9806296261087,32237.24543298235
185.1658145801444,32150.97939283285
163.39624094615655,8240.812709357408
213.7764386430209,11298.450090961083
128.26346576732436,32018.28963121317
202.51206779112505,9439.783992729104
184.77280935553472,13283.77805343001
205.12830348496536,17537.98961580656
223.03163757809904,24435.6420801134
157.7815546789862,13711.723281811464
166.74296159202632,24293.172662812045
238.3247509420514,12829.092777695125
180.7728707563664,13556.734397114704
205.519018557588,12871.551219887571
192.1426205034141,19089.94855741646
184.4348362484048,26744.301741742667
233.72135507753296,16066.552124395566
226.27082374398685,15380.12407914492
185.32070143113657,30988.97301937858
221.35688549113,30253.851102579432
210.34727565144365,29252.501111666465
163.92602653572033,39498.659289103256
185.0883849125437,18125.638398024403
223.68811085598787,37376.79298893104
201.78124550414304,31157.11016705372
168.40952478826227,26148.53787266999
214.0719823073074,14619.627261341962
180.74914015853483,11989.2462425416
178.28574851456307,25419.76949818999
223.61639299672817,13289.201652748288
209.53169733192868,44982.73415473764
261.85079976925243,14100.968986979937
211.0916870824707,11300.238108793832
177.34721366797191,18003.257284633095
194.27685675261148,7412.798058876675
177.84624444839096,23349.485416834144
232.7385451720168,9809.904000074896
234.9145120239778,18607.213192973988
196.58388603095685,42550.841815771775
153.2363643879686,11553.039281308538
221.557383042121,18438.82339460093
219.92199744788428,26597.58644737425
186.71332903022403,32000.178936298867
195.19059854334432,19966.744696524027
211.69729744028268,33737.28852434523
251.2934475373417,21728.821295296457
214.03531216797404,10039.538375695814
209.6382929790206,10575.18628088936
193.5069028159379,22958.0099928107
175.8736762101069,21759.36392940157
195.45148242169228,15908.642086031294
174.55800631401678,34585.0896069508
205.26608040394387,18542.9574510298
181.10150923612525,17978.98633892625
200.7055053333032,27651.60909872825
198.4931562341989,19002.3146637915
232.93119602419344,15338.0616411657
207.1373280474768,39423.66606481486
148.41530893731303,48410.471014066046
215.9463220151335,24991.766020523846
156.89891668869294,26738.525360886008
193.57715670833647,19671.35122933958
250.41955457077304,24539.713164600576
192.4679546426593,17045.600094950412
214.14633423290303,24882.62516349484
169.21440754297896,33365.3154156343
205.9911566489224,13215.706381829836
214.01010106562407,23718.55201117202
168.38843077429533,27492.30730658781
142.8605979960346,40829.35316707983
128.48251739864054,30569.8105511719
216.61247489358416,18979.981691997367
182.4738755722852,19130.961531432906
238.0842106554384,22423.495207292573
185.41936691177847,31040.88449434861
184.2292949772609,19393.46986193756
192.6176623449444,36520.65869741918
195.8671168312793,13900.71652278062
230.0279325865128,23037.076832776307
200.0027932060902,22411.006863644405
168.35562378013276,14336.627521273336
186.17837556961345,18909.846005859374
205.3384821943817,19530.4738191606
214.49661045715652,25630.320036999725
204.66904671521945,12874.44463702976
191.95274297485884,19620.545328612152
184.614847643805,22289.727086089424
213.4710813437128,41839.45644895902
176.4136378217577,12674.67277275363
223.4431113416477,36290.74611241049
151.54188891672248,25274.610304821013
274.82836925370225,21879.70420789106
179.40980374490414,9694.35489610499
176.75349958886147,18543.499362354367
220.8175224555685,8730.312435580889
272.5146851629753,2835.3031650451026
217.36974600866083,17984.327439446446
180.85909058042748,18223.02707963232
208.27918131736044,12806.83232652992
150.07608999888103,43195.47366849412
238.2364096995999,19129.45836544024
184.484426519738,31659.96274454228
188.50697741610023,22510.9750698624
225.9234457930579,17679.351101001837
197.66094852031983,27198.43259077055
171.33312343988564,17732.240668204682
189.827788557758,15825.44031571446
209.1499888474147,27030.7549992564
242.7299686282317,20185.58715565257
185.33853982631783,26262.545482066034
184.9937314899284,19764.62744497329
207.71682442123483,24913.83716589005
148.1936975614508,42059.38041717759
214.9928660824678,12330.406567718495
193.3699479440457,16854.129457255585
185.9267230581658,31548.00646369594
176.86648289401776,18344.680360836188
222.6887948878871,18526.261690599968
226.76564648171785,39942.95389779411
168.75000723384676,37191.11414053757
180.34730837108663,17516.69936246287
278.0563209975309,27192.28056064627
132.83283666326895,11557.032038390476
212.4291243157324,7450.074375057894
206.5225659214704,10453.087323267704
218.7700083539578,16477.350806119357
174.80516800528736,15796.3996983279
240.6115166509441,20006.22910887966
218.9072878271955,12812.557124143954
198.6549758412697,20063.49032717225
143.29995945134735,22577.81893506734
158.07979129691492,11914.463778156174
172.38387771727892,13122.223421559383
211.04940606054572,30980.600786788866
190.47789169609743,22561.508311398626
207.39747285508693,49074.73040737054
209.997246463362,22993.72935030665
196.81595194379327,24789.354734008884
170.17515725558684,23254.0096194587
225.9419346200397,22807.338851454235
158.4221289921539,20129.97881979117
192.07651510196663,33315.94708164389
213.1970192164436,18452.02299450765
273.40844807965914,26307.29845475983
242.1517339200836,24649.6747478938
162.93537131630367,24916.62558501237
179.9623511994494,22060.18687164021
136.57738115579482,32872.38056577991
141.59184048422046,12875.127783719328
210.74470824548973,12229.298483672364
155.64480514137412,19283.402051083736
163.04728268928835,14230.419130765456
235.34094272075205,34456.80113231408
217.2668424334475,10676.508475429378
211.64095798844983,35439.687840102146
198.59675077781947,29614.34879008105
211.44632377966144,20003.4976805052
219.56004997568732,13699.680707842788
144.20953523100556,33357.51586288418
205.12312348625665,25972.80375060046
167.42258105469432,34535.55385004349
201.0577144409084,13921.146216729854
189.7282291506792,26138.097610454868
143.43135025761055,46718.55596534806
184.99369843857363,14875.956507959403
192.38736755463475,25524.82346989246
184.32869274587483,17977.52564891564
166.85023675863397,12215.40908259904
249.1635668787835,14778.03287527186
247.66157328612303,19549.499341288283
182.06470492239453,13655.680652619383
209.3420508856412,20070.56779192111
199.16017530273533,13163.031278326584
191.91689889568164,10220.712358756396
174.26635748737323,34094.05717743785
241.76834000247985,29317.14244007175
172.68929992342407,25399.109005649178
188.39502336670628,21875.21639673696
120.32761534360888,24627.86756046893
151.03292956434998,29827.79396925428
227.68620655398908,27352.343414506515
242.0080815075149,39143.40332881009
169.04191749811758,36152.8208993245
227.0826935890821,45166.63938937446
196.1393118271605,10540.342277807413
213.65229338381533,28266.75510660842
173.7688739026883,23734.84621110288
216.67561866505707,17870.31524621836
205.2131051149392,26115.61632637636
138.22398341526616,14852.53068032341
229.7253483727581,22444.55941199828
206.36412193936965,13839.713425986323
181.3018738810032,23614.7029612405
206.3419730886468,39557.2555330711
182.64473627031447,27417.99804290247
148.25318599231414,20922.154463374245
169.22832999463995,21790.01089646696
193.4725961371903,19343.149511401392
192.955982524112,20988.429409692693
181.56240554774752,19289.361452747547
154.77351651117118,9712.56066397662
198.1163807723568,35883.78011032254
221.5082446290745,17240.021064750897
179.57265248274012,27700.121945252253
151.57377799438208,14402.726696074144
204.3580968505608,32333.84154221961
222.26879349353965,13676.753524467496
154.54694874856483,15901.285161146245
184.9150548449429,21633.721726518783
278.5851051769885,25508.38694882565
227.03399369193497,12988.791228835704
178.70720011619738,16950.01590699422
227.22575069016352,14470.053548847103
234.2006411977624,15547.186626031573
257.2313285955123,12726.298639170123
253.66203707317788,13568.271200528505
226.5483539155369,13584.49033849808
244.18739150014136,24856.63320937223
192.8566437225395,25410.81187155738
256.7043381897342,28703.75114009072
200.06797277285767,14720.544828979062
166.3909150570301,22475.092960278744
250.6609159951097,15973.686891197172
200.07187478771368,9782.344284281313
193.44985384445656,19019.27950469182
191.6659976787864,17328.161457014812
195.1092426963142,19946.2646652382
157.00128743205116,20067.105328107053
202.45806075548336,26551.370104695576
160.92038414912372,22557.77957608004
200.35369566559007,25412.70974190389
187.912476009474,21093.932204726243
120.02172614502156,22203.487258877
228.5626114502383,22160.81966223421
114.7335449715346,13677.99404000127
154.3006836502833,20503.430054601704
149.55808879463473,32568.153500291777
218.0195299082904,15120.92471624182
225.02814848907,45222.50666548316
182.0419861625088,34591.67814811829
151.73632191206693,8864.686480286256
191.7084136291815,32112.569873527096
216.5518870292925,23556.934353273347
217.78893220939432,31150.513421162406
229.192139486151,35370.73551522427
211.5669044691553,13630.047308080362
227.00001923094635,26559.360897148526
225.68342182130323,12883.726495777477
197.64853023005696,27884.434251689578
208.37943033010623,37356.74640137827
230.80948246855667,27418.781044480063
183.50037840417843,12975.9003341113
183.362712601924,17259.852302409414
212.64185756058043,22112.74634590108
146.1305993708648,13467.87978042004
189.76165384341635,16737.10821851538
165.82154526373657,20481.64207083157
224.4329492970915,15229.70286870656
187.70065418364032,32210.81630063504
94.90897712808312,16598.5775109041
185.3121832196149,33360.17072164734
209.1281632690479,20149.179673348102
201.6516668147052,23260.472004700023
178.06654960793912,18677.27922204908
198.19705121398164,17468.99980174377
248.90471157708896,26136.31357119588
198.56467724815883,21626.563118526537
220.8360348292076,27319.56902994636
129.42292051494425,18630.057857970347
206.9231635199248,29551.334147772337
163.21803844969529,26408.88176751282
199.3189129125452,27174.68763756465
232.92659800920364,27881.504407398363
162.33641206660948,20849.19073737675
185.90693756838783,27959.987873012346
208.1880858662876,24870.82594127374
214.7257041566607,21093.2174086642
160.81847436463886,14433.780495551264
188.6105177047369,27716.338723300283
164.1681664458238,24409.096794771765
258.49007575555623,26999.382075920206
211.0511461631189,34359.40079704245
210.1267169600137,9064.035830800274
204.8596597900153,13891.03853003988
164.5009841094295,11950.235031074297
77.45958610044372,39227.61945662096
207.28053076460185,44612.75135831064
196.104297672134,19534.42164849964
215.63725524898143,28263.310638065785
195.8746341633259,17749.298664018053
196.8910612272637,16010.524152308772
219.23995225195367,20215.632849284608
207.96303844276807,29917.820209044952
197.7451411812109,20098.19951797769
163.20554797657982,48175.85209292948
229.9412343165086,18452.645570929
230.5618992529338,30468.64182648061
180.9446965386138,10345.399314574135
181.771306859754,15858.77817579852
153.8097826928735,11598.682367072945
158.72890135461896,22481.027318227305
184.0409883057969,23727.094105198827
204.38479388030072,32951.31636864693
178.99824538756306,23129.460177853423
193.0617225141936,50166.53332259415
257.2354326958558,28149.052685047413
267.6552225456934,15818.26131979591
202.3173347600352,25620.771365199776
225.0742180753637,14694.420624957002
181.08065631795264,30050.43944645153
162.78025206078746,18869.21208982056
218.61969925707663,23308.296877049183
253.0543888937437,28864.910280691725
153.77551401483095,14574.66110047644
221.57534727835315,25475.8848438926
211.57737796822016,30191.692456948425
205.39658173924835,30823.73049012335
188.39172524071327,20567.145930368584
240.34882037477328,20269.73127975584
196.60694201188772,27080.26872221177
186.917765461785,19988.649261869065
157.04612543664243,21079.6062064613
205.8923464305016,15189.327822031712
125.30271940363592,23931.28283313192
222.9651975553826,19258.803073279018
258.8916011614203,20911.904666062124
215.47906830550707,27150.39539959295
197.87608974936683,26687.87448333394
164.79099156176568,27007.8869057916
164.81720743858654,14973.29735702295
178.2577102462834,27468.68170696173
230.335707570874,7324.701425458467
150.67102108930504,13593.60001791627
162.27835703062416,23567.13287541304
164.27439311244632,14015.044769113856
190.9379792827234,32619.31297450104
154.26578033555626,7769.616118841751
199.5887184546096,15902.945275663673
182.4139919584597,31321.0824263096
213.66568478805857,17674.706148701305
232.23447906840016,25653.690231044748
256.9363777094222,13766.330789042637
216.56470196178503,25172.58575933561
169.3185048169177,22610.768713435307
236.5324041624621,18881.79517764528
246.47696246194465,31369.54164078314
238.99241414897253,11635.772076239662
186.38259033476703,42063.87440465939
185.41507665781995,24412.50353691944
236.0987858057547,12855.346238177452
211.78323531812987,37086.54605405966
209.68313959422147,24909.78314722172
202.36472287563035,17493.65042433673
171.28870012027198,35680.067877428795
237.705681396383,21862.75360901294
124.0073498023252,18038.474365997183
175.43281939477444,29009.01082101329
234.9422028892612,24456.174888097576
164.37116910453548,14880.651798256704
255.6165687786077,28612.266106918007
199.2553218244227,25383.76518344253
124.84799173949948,31114.635652584744
230.4493293243112,16324.115196182343
195.7440741357595,12431.803109917795
218.0986115912776,13477.381585615329
193.6294862689193,18753.211763658328
223.37668380202143,20992.28167736533
199.63502766045588,20453.81650131386
225.11607898533293,5097.825849772476
249.1413910240583,45249.44903301682
221.029259848758,32092.05838404325
175.57430659625325,15371.999944017469
160.22418165431924,29477.76439892189
175.98244710908247,9460.32263533989
230.4300558577916,18254.11065602348
230.9328321212901,32898.74936773528
169.40365472843013,43533.65784534446
161.19528295802166,15904.243358955971
162.47822634657382,39624.08717906605
169.35592717386942,23133.66235290509
176.79315210488272,32040.50566943677
185.8171403953804,21989.767441159336
199.638123872256,15201.339953843984
214.10732480016327,38767.75636931063
127.73967382937272,32653.910360267582
187.76562168454467,24354.33517494322
195.01956906857623,17382.42736561254
195.0969675273444,34277.760399691986
169.18873565554355,18408.29497139389
73.4922336890611,20438.2246900842
177.8213114607707,20642.588720232707
233.4872679562376,13213.578253600464
126.49074453385634,20115.733587885363
182.1210381950736,33046.727605817854
203.75105571618772,21162.72673490324
214.3372703937989,14848.12948874036
221.3698538449429,18621.424922740112
205.06763140175235,17796.374638357433
100.80651972166484,19872.85485390749
221.2702227529179,16123.304450528043
175.5881459773443,17092.22582658762
176.85369633581055,14859.059660678646
202.47516230974296,23828.207681634354
198.33689976583,24344.96669256969
203.7445475058509,8727.247349356963
209.75195477571373,20214.21655170465
229.77134953009045,16162.26230660764
241.87510504564688,22821.254376566587
180.29090762022372,12683.483292055978
111.9940275170517,11288.634718378024
190.1534488485649,20864.340465449102
192.99566481000423,19579.389545753744
173.39092815255935,16616.51661653825
224.70510511747744,16960.434630635733
253.84090448277817,16642.884178436914
240.42978682732485,25959.613897834544
179.699151482952,35263.61239925808
163.92724187974397,13354.706509808377
225.3675191780493,49009.92465602681
160.77435344616492,29000.589711925488
159.51950176027037,19781.610600182965
232.2804520235321,14787.206264858174
205.08878887104487,27064.41840881681
224.34714746831528,23961.504534871307
191.01230860303576,9626.893206045972
172.33158423726564,23512.83795722908
201.06873653884213,19214.186356768685
163.34581865595464,25035.27104226792
179.70167683757256,26215.40110315091
195.9894858228124,14158.157282676424
131.396253059016,19639.79600228036
205.4078250122928,13121.171942689456
180.29299969001687,26034.52819812165
187.3150477385611,20418.88992581832
234.27139905493044,26811.20306837564
140.92619551286808,11795.31357950977
233.020133595047,27071.118618299
220.6309721408676,20111.22594768277
199.49945148957448,25634.533284034696
208.63671975933647,22308.82172880119
257.5958830185617,11595.35498487888
222.890265013408,25441.05612229293
221.6200579958312,11954.700730487684
197.74932536827777,40843.61655055208
182.03689538627296,25661.360539469097
201.44748661230827,13122.329581176047
213.3206159003956,23129.74805552755
214.73188747950212,20509.33196159374
200.42075551956208,32882.15594301242
256.4499171522,48007.86813432282
151.87617187372092,25419.551655141106
210.2221121566744,22619.239931021333
112.29948548284678,25839.894103711547
173.66467908014425,27277.57996373848
214.64375583835465,28278.78927563409
231.56579882259484,26420.80956413201
195.02871681275272,33173.49940936154
178.2980513196783,21919.59343509553
231.3515757602985,14970.647243569823
181.29612506605463,23433.90177406979
161.57888859915607,11582.46258427429
192.13753061224048,18126.0309630324
147.14867466153368,17326.202252565254
168.28374685651832,30944.363591242687
168.61396655389785,7013.211786707304
201.6699330857699,24161.25497902576
135.89197804598018,17430.841944394433
203.3841233574426,22710.458374287573
156.45114877705169,27008.01187446905
240.03627870637945,23103.65353882712
181.73287696977007,19015.46827486608
159.80372018647915,14884.339958152525
152.5374183742457,19731.749181312483
162.85758508798966,34573.678785724354
252.3527991789688,11086.259857978246
151.8896001137799,10909.194592323076
209.6364216598324,15422.220893205324
175.0150826368574,14206.357322954953
184.0200288412756,13361.226016338913
222.11300420246,16351.22628667606
220.1001023591604,24694.744205217467
200.73310689806533,23720.48173047988
185.82597533815368,21575.245220759803
258.9019393469316,17291.61825552052
186.3655494598936,7557.021271321207
194.247742095427,8127.071253987583
208.3741880955512,21809.709834295947
164.95894748019276,25506.91223714494
186.76108783433017,30939.023213783217
218.0328397705385,16183.586649397506
198.2862683787448,34675.86284541732
